Unidade Orçamentária ,GRUPO DE DESPESA,2000,2001,2002,2003,2004,2005,2006,2007,2008,2009,2010,2011,2012,2013,2014,2015,2016,2017,2018,2019,Dotação atualizada 2020*
Total Ministério da Defesa,Juros e Encargos da Dívida,322.4,390.1,632.1,460.7,411.2,1318.6,338.0,178.3,56.5,330.6,103.8,226.3,234.7,318.9,386.8,402.3,335.3,373.0,469.0,497.0,828.2
Total Ministério da Defesa,Outras Despesas Correntes,2493.5,2983.5,2665.2,2793.8,3520.4,4214.0,4197.3,4735.1,5533.5,6282.5,7304.2,8088.5,8206.7,9376.8,11196.8,10676.6,11448.1,12019.7,13079.7,13976.9,14302.1
Total Ministério da Defesa,Investimentos,1716.3,1947.8,1686.4,878.8,1549.1,1917.5,1757.7,2669.1,3406.7,4798.4,8241.3,6529.5,10033.7,8956.7,8258.2,7239.9,6949.1,8518.4,9104.9,7878.5,7131.6
Total Ministério da Defesa,Inversões Financeiras,0.1,20.5,2.0,12.4,1.8,2.8,51.2,609.2,81.0,4.0,3.5,3.6,18.7,5.7,97.7,301.6,129.8,258.8,2890.0,7162.8,80.0
Total Ministério da Defesa,Amortização da Dívida,1044.2,1428.1,1857.5,520.7,418.3,711.9,714.9,841.1,215.0,171.5,150.6,366.1,614.1,961.0,1342.9,1686.9,1289.8,1210.1,1375.9,1380.2,1818.8
Administração Direta,Pessoal e Encargos Sociais,38.1,34.9,28.7,38.8,186.1,198.0,293.3,34.3,38.6,41.6,45.5,61.3,60.4,69.5,80.2,86.4,86.5,85.4,87.6,91.4,113.9
Administração Direta,Juros e Encargos da Dívida,29.6,42.0,234.4,349.1,335.7,290.1,240.8,101.3,0.0,0.0,0.0,0.0,0.0,0.0,0.0,0.0,0.0,0.0,0.0,0.0,
Administração Direta,Outras Despesas Correntes,50.6,59.8,73.0,54.8,151.9,221.6,260.5,249.1,373.0,408.2,798.8,725.0,521.3,658.5,903.0,760.0,967.3,531.8,969.2,877.7,1216.3
Administração Direta,Investimentos,600.3,383.7,329.3,124.9,152.2,646.4,216.4,366.5,275.8,455.0,991.8,438.5,1287.1,1180.6,1390.1,977.1,1043.6,819.1,1030.1,855.0,1053.3
Administração Direta,Inversões Financeiras,0.0,0.0,0.0,0.0,0.0,0.0,0.0,565.1,78.0,0.0,0.0,0.0,0.0,0.0,94.2,296.3,117.8,38.8,0.0,0.0,0.0
Administração Direta,Amortização da Dívida,111.8,200.5,160.4,51.6,50.6,239.5,410.3,293.0,0.0,0.0,0.0,0.0,0.0,0.0,0.0,0.0,0.0,0.0,0.0,0.0,0.0
 Comando da Aeronáutica,Pessoal e Encargos Sociais,3177.0,4031.5,4554.8,4636.5,4951.0,5402.1,6342.6,6957.0,8034.9,8960.6,9931.6,10798.5,10886.7,11834.3,12900.3,14239.6,14841.3,16267.3,17464.2,18606.8,19415.7
 Comando da Aeronáutica,Juros e Encargos da Dívida,65.0,116.4,273.5,67.5,42.5,1004.5,80.2,66.7,51.0,274.0,54.7,122.3,95.7,134.8,168.6,188.3,166.8,208.7,275.6,312.6,513.6
 Comando da Aeronáutica,Outras Despesas Correntes,508.8,672.1,585.8,587.3,724.4,818.4,775.3,1095.3,1168.0,1164.1,1231.8,1391.0,1480.9,1657.7,1783.1,1565.9,1590.9,1284.5,1609.7,1642.2,1482.0
 Comando da Aeronáutica,Investimentos,125.1,780.1,622.9,339.5,760.8,665.7,658.0,951.2,1249.4,1582.3,1509.7,1176.8,1902.5,1794.6,1633.5,2662.7,2168.8,2462.2,2339.2,2425.0,1954.6
 Comando da Aeronáutica,Inversões Financeiras,,,,,,,,,,,,,,,,0.0,0.0,0.0,0.0,0.0,25.1
 Comando da Aeronáutica,Amortização da Dívida,138.8,187.0,297.2,152.5,130.5,298.7,205.6,484.7,179.0,154.8,147.8,197.8,260.5,371.6,514.6,608.1,395.0,401.6,524.7,567.4,657.7
 Comando do Exército,Pessoal e Encargos Sociais,8003.2,9884.3,11176.8,11025.3,11761.1,12954.1,14701.5,15948.2,18152.9,20127.2,22252.8,23482.6,23813.8,25587.2,27699.5,30637.8,32052.3,35266.9,37864.4,40390.3,42245.4
 Comando do Exército,Juros e Encargos da Dívida,107.8,92.5,47.8,15.6,17.8,14.4,10.5,6.7,3.3,0.0,0.0,0.0,0.0,0.0,0.0,0.0,0.0,0.0,0.0,0.0,
 Comando do Exército,Outras Despesas Correntes,523.3,589.4,523.5,621.3,745.1,981.0,999.4,1073.0,1312.5,1445.4,1925.0,2238.8,2202.4,2670.3,3255.1,3200.9,3676.8,4012.9,3966.5,3313.1,3661.1
 Comando do Exército,Investimentos,143.6,148.6,267.2,86.7,114.0,95.2,121.6,227.0,370.9,567.0,795.5,1117.4,2713.8,1581.1,1328.6,909.6,1120.5,1558.2,1502.7,1513.1,1352.3
 Comando do Exército,Inversões Financeiras,0.0,20.0,1.5,11.7,1.7,1.7,49.7,41.8,0.0,0.0,0.0,0.0,0.0,0.0,0.0,0.0,0.0,0.0,0.0,0.0,0.0
 Comando do Exército,Amortização da Dívida,294.9,450.3,711.6,46.4,57.4,50.8,37.4,24.7,13.1,0.0,0.0,0.0,0.0,0.0,0.0,0.0,0.0,0.0,0.0,0.0,0.0
 Comando da Marinha,Pessoal e Encargos Sociais,3899.5,4758.5,5527.0,5382.6,5684.3,6264.3,7137.4,7744.4,9012.9,10145.7,11253.0,11927.0,12314.7,13508.7,14505.9,16136.9,16849.8,18555.9,20026.7,21398.5,22355.0
 Comando da Marinha,Juros e Encargos da Dívida,116.3,136.2,72.6,27.9,14.1,8.2,5.6,2.7,1.1,55.1,48.6,103.1,138.5,183.3,217.9,213.5,168.3,161.8,188.8,180.7,310.9
 Comando da Marinha,Outras Despesas Correntes,440.8,541.1,452.6,527.9,496.6,776.1,486.9,660.6,940.9,1046.4,1001.6,1348.2,1333.2,1309.7,1804.3,1645.5,1631.9,2022.6,2091.7,1737.8,1860.0
 Comando da Marinha,Investimentos,110.5,77.5,20.9,28.4,31.5,41.3,202.5,341.9,538.7,1358.5,3733.1,2780.8,3315.7,3505.1,2872.3,1733.6,1519.8,2581.4,2906.6,1979.8,1920.5
 Comando da Marinha,Inversões Financeiras,0.1,0.2,0.5,0.0,0.0,0.0,0.0,0.0,0.0,0.0,0.0,0.0,0.0,0.0,0.0,0.0,0.0,215.0,2885.0,7150.0,
 Comando da Marinha,Amortização da Dívida,497.0,584.3,686.5,268.3,175.9,116.6,55.4,32.1,16.1,6.9,1.3,168.2,353.3,588.6,827.6,1074.6,892.4,799.1,835.4,796.8,1145.4
Secretaria da Comissão Interministerial para os Recursos do Mar,Outras Despesas Correntes,5.0,3.7,3.0,2.9,5.2,5.6,16.9,15.8,59.4,94.3,13.8,12.9,46.9,53.0,9.1,10.7,11.7,8.0,13.6,15.0,9.8
Secretaria da Comissão Interministerial para os Recursos do Mar,Investimentos,1.8,0.7,0.1,0.1,0.4,0.9,4.4,5.9,4.0,7.7,6.4,3.5,15.1,11.7,4.8,30.3,111.9,25.0,41.9,22.6,15.6
Caixa de Financiamento Imobiliário da Aeronáutica,Pessoal e Encargos Sociais,0.2,0.2,0.2,0.6,0.7,0.6,0.4,0.5,0.6,0.7,1.0,0.9,1.0,1.1,3.3,1.3,1.3,1.4,1.4,1.4,1.5
Caixa de Financiamento Imobiliário da Aeronáutica,Juros e Encargos da Dívida,3.7,3.0,3.9,0.5,1.1,1.4,1.0,1.0,1.0,1.1,0.5,0.0,0.0,0.0,0.0,0.0,0.0,0.0,0.0,0.0,
Caixa de Financiamento Imobiliário da Aeronáutica,Outras Despesas Correntes,0.3,0.3,0.5,0.5,0.6,0.7,0.6,0.8,1.4,1.4,1.6,1.3,1.3,1.3,1.5,1.0,1.3,1.0,1.1,2.0,2.3
Caixa de Financiamento Imobiliário da Aeronáutica,Investimentos,3.1,4.0,0.0,0.0,0.1,0.1,0.1,0.2,0.2,0.1,0.0,0.0,0.1,0.0,0.1,0.1,0.1,0.1,0.2,0.2,0.3
Caixa de Financiamento Imobiliário da Aeronáutica,Inversões Financeiras,0.0,0.0,0.0,0.0,0.0,0.0,0.0,0.0,0.0,0.0,0.0,0.0,0.0,0.0,0.0,0.0,0.9,0.0,0.0,0.0,0.0
Caixa de Financiamento Imobiliário da Aeronáutica,Amortização da Dívida,1.7,6.0,1.9,1.8,3.9,6.3,6.2,6.6,3.6,7.1,1.5,0.1,0.0,0.0,0.0,0.0,0.0,0.0,0.0,0.0,0.0
Indústria de Material Bélico do Brasil,Pessoal e Encargos Sociais,0.0,0.0,0.0,0.0,0.0,0.0,0.0,0.0,27.3,45.8,49.0,51.5,55.9,68.9,73.3,83.2,85.2,92.7,89.8,95.8,95.4
Indústria de Material Bélico do Brasil,Juros e Encargos da Dívida,0.0,0.0,0.0,0.0,0.0,0.0,0.0,0.0,0.0,0.4,0.0,0.0,0.0,0.0,0.0,0.0,0.0,0.0,0.0,0.0,
Indústria de Material Bélico do Brasil,Outras Despesas Correntes,0.0,0.0,0.0,0.0,0.0,0.0,0.0,0.0,78.4,124.4,123.7,126.6,105.7,129.4,141.7,119.6,126.1,126.7,141.4,118.9,103.8
Indústria de Material Bélico do Brasil,Investimentos,0.0,0.0,0.0,0.0,0.0,0.0,0.0,0.0,22.9,14.5,18.1,21.1,20.3,31.0,17.7,9.8,7.0,14.1,5.5,14.1,12.2
Indústria de Material Bélico do Brasil,Amortização da Dívida,0.0,0.0,0.0,0.0,0.0,0.0,0.0,0.0,3.2,2.7,0.0,0.0,0.0,0.0,0.0,0.0,0.0,0.0,0.0,0.0,0.0
Fundação Osório,Pessoal e Encargos Sociais,1.9,2.0,2.3,2.5,2.8,3.0,4.5,5.2,5.8,6.7,7.0,7.3,7.8,8.8,10.3,11.2,12.6,14.2,15.3,16.3,17.1
Fundação Osório,Outras Despesas Correntes,1.4,1.6,1.5,1.9,2.1,2.4,2.4,2.7,3.4,2.9,3.8,3.8,4.3,4.5,5.1,5.6,6.7,7.4,6.5,6.4,6.6
Fundação Osório,Investimentos,0.1,0.1,0.2,0.1,0.5,0.4,0.7,0.4,0.2,0.1,0.4,0.4,0.1,0.1,0.3,0.1,0.1,0.5,0.5,1.4,0.2
Caixa de Construções de Casas para o Pessoal da Marinha,Pessoal e Encargos Sociais,0.0,0.0,0.0,0.0,0.0,0.0,0.0,0.0,0.0,0.0,2.1,2.0,2.1,2.1,2.2,2.3,2.3,2.4,2.5,2.6,2.5
Caixa de Construções de Casas para o Pessoal da Marinha,Juros e Encargos da Dívida,0.0,0.0,0.0,0.0,0.0,0.0,0.0,0.0,0.0,0.0,0.0,0.9,0.5,0.9,0.3,0.5,0.2,2.5,4.6,3.7,3.7
Caixa de Construções de Casas para o Pessoal da Marinha,Outras Despesas Correntes,0.0,0.0,0.0,0.0,0.0,0.0,0.0,0.0,0.0,0.0,12.0,7.8,9.0,10.4,10.1,9.0,8.2,8.0,8.5,6.8,8.6
Caixa de Construções de Casas para o Pessoal da Marinha,Investimentos,0.0,0.0,0.0,0.0,0.0,0.0,0.0,0.0,0.0,0.0,0.9,0.3,0.5,0.2,0.0,0.0,0.1,0.0,0.0,0.1,0.0
Caixa de Construções de Casas para o Pessoal da Marinha,Inversões Financeiras,0.0,0.0,0.0,0.0,0.0,0.0,0.0,0.0,0.0,0.0,0.0,0.0,0.0,2.8,0.0,0.0,7.9,0.0,0.0,8.1,50.4
Caixa de Construções de Casas para o Pessoal da Marinha,Amortização da Dívida,0.0,0.0,0.0,0.0,0.0,0.0,0.0,0.0,0.0,0.0,0.0,0.0,0.4,0.7,0.7,4.2,2.4,9.4,15.8,16.1,15.7
Amazônia Azul Tecnologias de Defesa S.A,Pessoal e Encargos Sociais,0.0,0.0,0.0,0.0,0.0,0.0,0.0,0.0,0.0,0.0,0.0,0.0,0.0,40.8,169.0,215.9,264.8,285.0,300.1,333.6,305.4
Amazônia Azul Tecnologias de Defesa S.A,Outras Despesas Correntes,0.0,0.0,0.0,0.0,0.0,0.0,0.0,0.0,0.0,0.0,0.0,0.0,0.0,8.1,15.9,34.1,34.4,34.7,32.6,37.2,35.8
Amazônia Azul Tecnologias de Defesa S.A,Investimentos,0.0,0.0,0.0,0.0,0.0,0.0,0.0,0.0,0.0,0.0,0.0,0.0,0.0,2.2,0.5,0.8,0.4,0.3,0.4,0.5,1.9
Fundo do Ministério da Defesa,Outras Despesas Correntes,2.9,2.0,1.2,4.4,1.5,1.8,2.0,1.6,0.6,1.2,1.2,1.2,2.5,1.5,2.3,2.2,2.8,3.8,2.9,3.1,3.1
Fundo do Ministério da Defesa,Investimentos,0.7,0.8,0.6,1.5,1.6,1.9,1.8,1.4,0.0,0.4,0.0,0.1,0.1,0.0,0.3,0.0,0.0,0.0,0.1,0.0,0.0
Fundo de Administração do Hospital das Forças Armadas,Pessoal e Encargos Sociais,0.0,12.7,43.2,25.3,26.4,34.8,42.5,44.3,55.8,74.7,106.9,118.1,128.6,140.4,147.8,151.6,160.7,168.9,166.7,166.0,166.9
Fundo de Administração do Hospital das Forças Armadas,Outras Despesas Correntes,20.5,27.1,18.0,25.7,32.4,32.4,40.2,42.2,39.8,40.9,56.9,77.4,75.5,74.3,83.1,84.6,74.0,65.7,75.7,94.9,85.8
Fundo de Administração do Hospital das Forças Armadas,Investimentos,0.1,0.3,0.3,1.5,8.5,12.3,10.6,3.5,2.8,3.4,16.4,13.5,6.7,2.9,5.5,7.6,3.0,3.8,7.7,7.4,20.0
Fundo Serviço Militar,Outras Despesas Correntes,4.1,4.5,4.0,3.9,4.5,4.5,4.4,4.8,4.1,4.7,5.9,6.1,6.1,5.4,5.1,4.9,5.4,4.6,6.7,7.0,7.4
Fundo Serviço Militar,Investimentos,1.1,1.1,1.0,1.0,1.5,0.7,1.0,0.7,0.9,0.9,1.0,1.0,1.1,1.3,1.6,0.8,1.0,0.8,0.8,2.2,1.7
Fundo Aeronáutico,Outras Despesas Correntes,330.8,397.0,408.8,442.4,638.5,629.0,726.4,671.8,625.0,847.4,974.8,993.4,1049.5,1319.6,1594.9,1466.1,1488.5,1906.0,2067.0,2332.1,2522.6
Fundo Aeronáutico,Investimentos,602.9,375.6,378.6,243.3,360.9,373.8,471.5,582.7,825.7,695.4,1008.4,820.9,552.6,646.6,801.7,730.9,880.3,893.1,929.6,767.0,608.5
Fundo Aeronáutico,Inversões Financeiras,0.0,0.0,0.0,0.7,0.0,1.1,1.5,2.2,3.0,2.9,2.7,3.6,3.7,2.9,3.5,5.3,3.2,5.0,5.0,4.8,4.5
Fundo do Exército,Outras Despesas Correntes,223.8,238.2,307.0,296.5,360.7,416.7,503.5,524.5,612.9,733.7,763.9,824.7,904.0,934.6,992.4,1158.1,1051.5,1188.3,1568.7,2577.4,2189.7
Fundo do Exército,Investimentos,33.8,46.6,40.6,26.2,65.3,45.6,42.4,48.8,48.9,51.1,63.2,99.9,138.5,145.6,128.7,82.0,51.9,111.7,162.3,154.6,115.6
Fundo do Exército,Inversões Financeiras,0.0,0.0,0.0,0.0,0.0,0.0,0.0,0.0,0.0,0.0,0.0,0.0,0.1,0.0,0.0,0.0,0.0,0.0,0.0,0.0,0.0
Fundo Naval,Outras Despesas Correntes,356.3,415.6,266.2,202.0,320.5,280.9,326.8,321.3,246.8,291.8,306.1,255.7,354.8,458.2,451.6,514.0,693.5,738.6,458.8,1143.2,1039.5
Fundo Naval,Investimentos,91.0,126.5,22.9,24.2,49.0,28.4,23.5,132.7,62.4,57.3,83.7,48.7,64.9,48.7,71.0,93.5,39.3,46.9,176.3,134.2,72.6
Fundo Naval,Inversões Financeiras,0.0,0.3,0.0,0.0,0.0,0.0,0.0,0.0,0.0,1.1,0.8,,15.0,0.0,0.0,0.0,0.0,0.0,0.0,0.0,0.0
Fundo de Desenvolvimento do Ensino Profissional Marítimo,Outras Despesas Correntes,24.8,31.2,20.3,22.3,36.7,43.2,52.0,71.7,67.3,76.0,83.4,74.5,109.4,80.4,138.4,94.4,77.1,75.1,59.1,62.0,67.6
Fundo de Desenvolvimento do Ensino Profissional Marítimo,Investimentos,2.5,2.2,1.9,1.3,3.0,4.8,3.2,6.4,4.0,4.9,12.6,6.6,14.6,5.0,1.8,1.0,1.3,1.2,1.0,1.3,2.2
